{
  "hash": "28cf03ad",
  "configHash": "4c4619f8",
  "lockfileHash": "3290f385",
  "browserHash": "0713358f",
  "optimized": {
    "@angular/common": {
      "src": "../../../../../../node_modules/@angular/common/fesm2022/common.mjs",
      "file": "@angular_common.js",
      "fileHash": "6c61e21d",
      "needsInterop": false
    },
    "@angular/common/http": {
      "src": "../../../../../../node_modules/@angular/common/fesm2022/http.mjs",
      "file": "@angular_common_http.js",
      "fileHash": "55a6b361",
      "needsInterop": false
    },
    "@angular/core": {
      "src": "../../../../../../node_modules/@angular/core/fesm2022/core.mjs",
      "file": "@angular_core.js",
      "fileHash": "4715be05",
      "needsInterop": false
    },
    "@angular/forms": {
      "src": "../../../../../../node_modules/@angular/forms/fesm2022/forms.mjs",
      "file": "@angular_forms.js",
      "fileHash": "9edab9a5",
      "needsInterop": false
    },
    "@angular/platform-browser": {
      "src": "../../../../../../node_modules/@angular/platform-browser/fesm2022/platform-browser.mjs",
      "file": "@angular_platform-browser.js",
      "fileHash": "1f0208a3",
      "needsInterop": false
    },
    "@angular/platform-browser/animations/async": {
      "src": "../../../../../../node_modules/@angular/platform-browser/fesm2022/animations/async.mjs",
      "file": "@angular_platform-browser_animations_async.js",
      "fileHash": "d722eea2",
      "needsInterop": false
    },
    "@angular/router": {
      "src": "../../../../../../node_modules/@angular/router/fesm2022/router.mjs",
      "file": "@angular_router.js",
      "fileHash": "a3b43d2e",
      "needsInterop": false
    },
    "@primeng/themes": {
      "src": "../../../../../../node_modules/@primeng/themes/index.mjs",
      "file": "@primeng_themes.js",
      "fileHash": "ad348aa3",
      "needsInterop": false
    },
    "@primeng/themes/aura": {
      "src": "../../../../../../node_modules/@primeng/themes/aura/index.mjs",
      "file": "@primeng_themes_aura.js",
      "fileHash": "ac33e0fe",
      "needsInterop": false
    },
    "@primeng/themes/lara": {
      "src": "../../../../../../node_modules/@primeng/themes/lara/index.mjs",
      "file": "@primeng_themes_lara.js",
      "fileHash": "c5737d5f",
      "needsInterop": false
    },
    "@primeng/themes/nora": {
      "src": "../../../../../../node_modules/@primeng/themes/nora/index.mjs",
      "file": "@primeng_themes_nora.js",
      "fileHash": "87688370",
      "needsInterop": false
    },
    "ag-grid-angular": {
      "src": "../../../../../../node_modules/ag-grid-angular/fesm2022/ag-grid-angular.mjs",
      "file": "ag-grid-angular.js",
      "fileHash": "c0261111",
      "needsInterop": false
    },
    "primeng/accordion": {
      "src": "../../../../../../node_modules/primeng/fesm2022/primeng-accordion.mjs",
      "file": "primeng_accordion.js",
      "fileHash": "19c576b1",
      "needsInterop": false
    },
    "primeng/api": {
      "src": "../../../../../../node_modules/primeng/fesm2022/primeng-api.mjs",
      "file": "primeng_api.js",
      "fileHash": "39b593c0",
      "needsInterop": false
    },
    "primeng/autocomplete": {
      "src": "../../../../../../node_modules/primeng/fesm2022/primeng-autocomplete.mjs",
      "file": "primeng_autocomplete.js",
      "fileHash": "a0330a79",
      "needsInterop": false
    },
    "primeng/avatar": {
      "src": "../../../../../../node_modules/primeng/fesm2022/primeng-avatar.mjs",
      "file": "primeng_avatar.js",
      "fileHash": "ba1d736e",
      "needsInterop": false
    },
    "primeng/avatargroup": {
      "src": "../../../../../../node_modules/primeng/fesm2022/primeng-avatargroup.mjs",
      "file": "primeng_avatargroup.js",
      "fileHash": "55c348e0",
      "needsInterop": false
    },
    "primeng/badge": {
      "src": "../../../../../../node_modules/primeng/fesm2022/primeng-badge.mjs",
      "file": "primeng_badge.js",
      "fileHash": "0175a773",
      "needsInterop": false
    },
    "primeng/breadcrumb": {
      "src": "../../../../../../node_modules/primeng/fesm2022/primeng-breadcrumb.mjs",
      "file": "primeng_breadcrumb.js",
      "fileHash": "5817fb7c",
      "needsInterop": false
    },
    "primeng/button": {
      "src": "../../../../../../node_modules/primeng/fesm2022/primeng-button.mjs",
      "file": "primeng_button.js",
      "fileHash": "4518af46",
      "needsInterop": false
    },
    "primeng/buttongroup": {
      "src": "../../../../../../node_modules/primeng/fesm2022/primeng-buttongroup.mjs",
      "file": "primeng_buttongroup.js",
      "fileHash": "9e396bec",
      "needsInterop": false
    },
    "primeng/card": {
      "src": "../../../../../../node_modules/primeng/fesm2022/primeng-card.mjs",
      "file": "primeng_card.js",
      "fileHash": "e2c5aaea",
      "needsInterop": false
    },
    "primeng/carousel": {
      "src": "../../../../../../node_modules/primeng/fesm2022/primeng-carousel.mjs",
      "file": "primeng_carousel.js",
      "fileHash": "6dd0d8fa",
      "needsInterop": false
    },
    "primeng/chart": {
      "src": "../../../../../../node_modules/primeng/fesm2022/primeng-chart.mjs",
      "file": "primeng_chart.js",
      "fileHash": "f5f39785",
      "needsInterop": false
    },
    "primeng/checkbox": {
      "src": "../../../../../../node_modules/primeng/fesm2022/primeng-checkbox.mjs",
      "file": "primeng_checkbox.js",
      "fileHash": "c921746a",
      "needsInterop": false
    },
    "primeng/chip": {
      "src": "../../../../../../node_modules/primeng/fesm2022/primeng-chip.mjs",
      "file": "primeng_chip.js",
      "fileHash": "8d7e60b2",
      "needsInterop": false
    },
    "primeng/colorpicker": {
      "src": "../../../../../../node_modules/primeng/fesm2022/primeng-colorpicker.mjs",
      "file": "primeng_colorpicker.js",
      "fileHash": "e4746c22",
      "needsInterop": false
    },
    "primeng/config": {
      "src": "../../../../../../node_modules/primeng/fesm2022/primeng-config.mjs",
      "file": "primeng_config.js",
      "fileHash": "ec75db31",
      "needsInterop": false
    },
    "primeng/confirmdialog": {
      "src": "../../../../../../node_modules/primeng/fesm2022/primeng-confirmdialog.mjs",
      "file": "primeng_confirmdialog.js",
      "fileHash": "0fd50b3c",
      "needsInterop": false
    },
    "primeng/confirmpopup": {
      "src": "../../../../../../node_modules/primeng/fesm2022/primeng-confirmpopup.mjs",
      "file": "primeng_confirmpopup.js",
      "fileHash": "7daa59e5",
      "needsInterop": false
    },
    "primeng/contextmenu": {
      "src": "../../../../../../node_modules/primeng/fesm2022/primeng-contextmenu.mjs",
      "file": "primeng_contextmenu.js",
      "fileHash": "344c743e",
      "needsInterop": false
    },
    "primeng/dataview": {
      "src": "../../../../../../node_modules/primeng/fesm2022/primeng-dataview.mjs",
      "file": "primeng_dataview.js",
      "fileHash": "a7f5ee97",
      "needsInterop": false
    },
    "primeng/datepicker": {
      "src": "../../../../../../node_modules/primeng/fesm2022/primeng-datepicker.mjs",
      "file": "primeng_datepicker.js",
      "fileHash": "86fed4b4",
      "needsInterop": false
    },
    "primeng/dialog": {
      "src": "../../../../../../node_modules/primeng/fesm2022/primeng-dialog.mjs",
      "file": "primeng_dialog.js",
      "fileHash": "7350ca69",
      "needsInterop": false
    },
    "primeng/divider": {
      "src": "../../../../../../node_modules/primeng/fesm2022/primeng-divider.mjs",
      "file": "primeng_divider.js",
      "fileHash": "a1c99dd8",
      "needsInterop": false
    },
    "primeng/drawer": {
      "src": "../../../../../../node_modules/primeng/fesm2022/primeng-drawer.mjs",
      "file": "primeng_drawer.js",
      "fileHash": "6c86af6c",
      "needsInterop": false
    },
    "primeng/fieldset": {
      "src": "../../../../../../node_modules/primeng/fesm2022/primeng-fieldset.mjs",
      "file": "primeng_fieldset.js",
      "fileHash": "3f2cda7a",
      "needsInterop": false
    },
    "primeng/fileupload": {
      "src": "../../../../../../node_modules/primeng/fesm2022/primeng-fileupload.mjs",
      "file": "primeng_fileupload.js",
      "fileHash": "53e88f8b",
      "needsInterop": false
    },
    "primeng/floatlabel": {
      "src": "../../../../../../node_modules/primeng/fesm2022/primeng-floatlabel.mjs",
      "file": "primeng_floatlabel.js",
      "fileHash": "327a0610",
      "needsInterop": false
    },
    "primeng/fluid": {
      "src": "../../../../../../node_modules/primeng/fesm2022/primeng-fluid.mjs",
      "file": "primeng_fluid.js",
      "fileHash": "14bb630f",
      "needsInterop": false
    },
    "primeng/galleria": {
      "src": "../../../../../../node_modules/primeng/fesm2022/primeng-galleria.mjs",
      "file": "primeng_galleria.js",
      "fileHash": "476e72c5",
      "needsInterop": false
    },
    "primeng/iconfield": {
      "src": "../../../../../../node_modules/primeng/fesm2022/primeng-iconfield.mjs",
      "file": "primeng_iconfield.js",
      "fileHash": "8719af10",
      "needsInterop": false
    },
    "primeng/image": {
      "src": "../../../../../../node_modules/primeng/fesm2022/primeng-image.mjs",
      "file": "primeng_image.js",
      "fileHash": "b4d0a24b",
      "needsInterop": false
    },
    "primeng/inputgroup": {
      "src": "../../../../../../node_modules/primeng/fesm2022/primeng-inputgroup.mjs",
      "file": "primeng_inputgroup.js",
      "fileHash": "d6de4859",
      "needsInterop": false
    },
    "primeng/inputgroupaddon": {
      "src": "../../../../../../node_modules/primeng/fesm2022/primeng-inputgroupaddon.mjs",
      "file": "primeng_inputgroupaddon.js",
      "fileHash": "25b50d55",
      "needsInterop": false
    },
    "primeng/inputicon": {
      "src": "../../../../../../node_modules/primeng/fesm2022/primeng-inputicon.mjs",
      "file": "primeng_inputicon.js",
      "fileHash": "45658118",
      "needsInterop": false
    },
    "primeng/inputnumber": {
      "src": "../../../../../../node_modules/primeng/fesm2022/primeng-inputnumber.mjs",
      "file": "primeng_inputnumber.js",
      "fileHash": "21dc95d4",
      "needsInterop": false
    },
    "primeng/inputtext": {
      "src": "../../../../../../node_modules/primeng/fesm2022/primeng-inputtext.mjs",
      "file": "primeng_inputtext.js",
      "fileHash": "72ed9ec1",
      "needsInterop": false
    },
    "primeng/knob": {
      "src": "../../../../../../node_modules/primeng/fesm2022/primeng-knob.mjs",
      "file": "primeng_knob.js",
      "fileHash": "3efaab82",
      "needsInterop": false
    },
    "primeng/listbox": {
      "src": "../../../../../../node_modules/primeng/fesm2022/primeng-listbox.mjs",
      "file": "primeng_listbox.js",
      "fileHash": "02443873",
      "needsInterop": false
    },
    "primeng/megamenu": {
      "src": "../../../../../../node_modules/primeng/fesm2022/primeng-megamenu.mjs",
      "file": "primeng_megamenu.js",
      "fileHash": "b6b8fa8e",
      "needsInterop": false
    },
    "primeng/menu": {
      "src": "../../../../../../node_modules/primeng/fesm2022/primeng-menu.mjs",
      "file": "primeng_menu.js",
      "fileHash": "77e1315d",
      "needsInterop": false
    },
    "primeng/menubar": {
      "src": "../../../../../../node_modules/primeng/fesm2022/primeng-menubar.mjs",
      "file": "primeng_menubar.js",
      "fileHash": "680bf446",
      "needsInterop": false
    },
    "primeng/message": {
      "src": "../../../../../../node_modules/primeng/fesm2022/primeng-message.mjs",
      "file": "primeng_message.js",
      "fileHash": "c3ed3e52",
      "needsInterop": false
    },
    "primeng/multiselect": {
      "src": "../../../../../../node_modules/primeng/fesm2022/primeng-multiselect.mjs",
      "file": "primeng_multiselect.js",
      "fileHash": "0e5498d9",
      "needsInterop": false
    },
    "primeng/orderlist": {
      "src": "../../../../../../node_modules/primeng/fesm2022/primeng-orderlist.mjs",
      "file": "primeng_orderlist.js",
      "fileHash": "158b060b",
      "needsInterop": false
    },
    "primeng/overlaybadge": {
      "src": "../../../../../../node_modules/primeng/fesm2022/primeng-overlaybadge.mjs",
      "file": "primeng_overlaybadge.js",
      "fileHash": "b59763f6",
      "needsInterop": false
    },
    "primeng/paginator": {
      "src": "../../../../../../node_modules/primeng/fesm2022/primeng-paginator.mjs",
      "file": "primeng_paginator.js",
      "fileHash": "afdd5e09",
      "needsInterop": false
    },
    "primeng/panel": {
      "src": "../../../../../../node_modules/primeng/fesm2022/primeng-panel.mjs",
      "file": "primeng_panel.js",
      "fileHash": "2e6f2337",
      "needsInterop": false
    },
    "primeng/panelmenu": {
      "src": "../../../../../../node_modules/primeng/fesm2022/primeng-panelmenu.mjs",
      "file": "primeng_panelmenu.js",
      "fileHash": "f1acdcaa",
      "needsInterop": false
    },
    "primeng/password": {
      "src": "../../../../../../node_modules/primeng/fesm2022/primeng-password.mjs",
      "file": "primeng_password.js",
      "fileHash": "d85d0ecb",
      "needsInterop": false
    },
    "primeng/picklist": {
      "src": "../../../../../../node_modules/primeng/fesm2022/primeng-picklist.mjs",
      "file": "primeng_picklist.js",
      "fileHash": "ffb59197",
      "needsInterop": false
    },
    "primeng/popover": {
      "src": "../../../../../../node_modules/primeng/fesm2022/primeng-popover.mjs",
      "file": "primeng_popover.js",
      "fileHash": "18623295",
      "needsInterop": false
    },
    "primeng/progressbar": {
      "src": "../../../../../../node_modules/primeng/fesm2022/primeng-progressbar.mjs",
      "file": "primeng_progressbar.js",
      "fileHash": "46f31c90",
      "needsInterop": false
    },
    "primeng/radiobutton": {
      "src": "../../../../../../node_modules/primeng/fesm2022/primeng-radiobutton.mjs",
      "file": "primeng_radiobutton.js",
      "fileHash": "15c194c2",
      "needsInterop": false
    },
    "primeng/rating": {
      "src": "../../../../../../node_modules/primeng/fesm2022/primeng-rating.mjs",
      "file": "primeng_rating.js",
      "fileHash": "f765b855",
      "needsInterop": false
    },
    "primeng/ripple": {
      "src": "../../../../../../node_modules/primeng/fesm2022/primeng-ripple.mjs",
      "file": "primeng_ripple.js",
      "fileHash": "1425284b",
      "needsInterop": false
    },
    "primeng/scrollpanel": {
      "src": "../../../../../../node_modules/primeng/fesm2022/primeng-scrollpanel.mjs",
      "file": "primeng_scrollpanel.js",
      "fileHash": "10338811",
      "needsInterop": false
    },
    "primeng/scrolltop": {
      "src": "../../../../../../node_modules/primeng/fesm2022/primeng-scrolltop.mjs",
      "file": "primeng_scrolltop.js",
      "fileHash": "bd3e1b5d",
      "needsInterop": false
    },
    "primeng/select": {
      "src": "../../../../../../node_modules/primeng/fesm2022/primeng-select.mjs",
      "file": "primeng_select.js",
      "fileHash": "8f9a0e88",
      "needsInterop": false
    },
    "primeng/selectbutton": {
      "src": "../../../../../../node_modules/primeng/fesm2022/primeng-selectbutton.mjs",
      "file": "primeng_selectbutton.js",
      "fileHash": "237ce213",
      "needsInterop": false
    },
    "primeng/skeleton": {
      "src": "../../../../../../node_modules/primeng/fesm2022/primeng-skeleton.mjs",
      "file": "primeng_skeleton.js",
      "fileHash": "e2f7677a",
      "needsInterop": false
    },
    "primeng/slider": {
      "src": "../../../../../../node_modules/primeng/fesm2022/primeng-slider.mjs",
      "file": "primeng_slider.js",
      "fileHash": "7ee67f16",
      "needsInterop": false
    },
    "primeng/splitbutton": {
      "src": "../../../../../../node_modules/primeng/fesm2022/primeng-splitbutton.mjs",
      "file": "primeng_splitbutton.js",
      "fileHash": "7d4d73ad",
      "needsInterop": false
    },
    "primeng/splitter": {
      "src": "../../../../../../node_modules/primeng/fesm2022/primeng-splitter.mjs",
      "file": "primeng_splitter.js",
      "fileHash": "0d23d009",
      "needsInterop": false
    },
    "primeng/stepper": {
      "src": "../../../../../../node_modules/primeng/fesm2022/primeng-stepper.mjs",
      "file": "primeng_stepper.js",
      "fileHash": "d4930fdc",
      "needsInterop": false
    },
    "primeng/styleclass": {
      "src": "../../../../../../node_modules/primeng/fesm2022/primeng-styleclass.mjs",
      "file": "primeng_styleclass.js",
      "fileHash": "cd79d992",
      "needsInterop": false
    },
    "primeng/table": {
      "src": "../../../../../../node_modules/primeng/fesm2022/primeng-table.mjs",
      "file": "primeng_table.js",
      "fileHash": "d4aa7a03",
      "needsInterop": false
    },
    "primeng/tabs": {
      "src": "../../../../../../node_modules/primeng/fesm2022/primeng-tabs.mjs",
      "file": "primeng_tabs.js",
      "fileHash": "ae3389ff",
      "needsInterop": false
    },
    "primeng/tag": {
      "src": "../../../../../../node_modules/primeng/fesm2022/primeng-tag.mjs",
      "file": "primeng_tag.js",
      "fileHash": "aa93e8a6",
      "needsInterop": false
    },
    "primeng/textarea": {
      "src": "../../../../../../node_modules/primeng/fesm2022/primeng-textarea.mjs",
      "file": "primeng_textarea.js",
      "fileHash": "6d98806c",
      "needsInterop": false
    },
    "primeng/tieredmenu": {
      "src": "../../../../../../node_modules/primeng/fesm2022/primeng-tieredmenu.mjs",
      "file": "primeng_tieredmenu.js",
      "fileHash": "98ea751e",
      "needsInterop": false
    },
    "primeng/timeline": {
      "src": "../../../../../../node_modules/primeng/fesm2022/primeng-timeline.mjs",
      "file": "primeng_timeline.js",
      "fileHash": "604c202e",
      "needsInterop": false
    },
    "primeng/toast": {
      "src": "../../../../../../node_modules/primeng/fesm2022/primeng-toast.mjs",
      "file": "primeng_toast.js",
      "fileHash": "a15a1902",
      "needsInterop": false
    },
    "primeng/togglebutton": {
      "src": "../../../../../../node_modules/primeng/fesm2022/primeng-togglebutton.mjs",
      "file": "primeng_togglebutton.js",
      "fileHash": "2b15e4bc",
      "needsInterop": false
    },
    "primeng/toggleswitch": {
      "src": "../../../../../../node_modules/primeng/fesm2022/primeng-toggleswitch.mjs",
      "file": "primeng_toggleswitch.js",
      "fileHash": "66536f91",
      "needsInterop": false
    },
    "primeng/toolbar": {
      "src": "../../../../../../node_modules/primeng/fesm2022/primeng-toolbar.mjs",
      "file": "primeng_toolbar.js",
      "fileHash": "d432f502",
      "needsInterop": false
    },
    "primeng/tooltip": {
      "src": "../../../../../../node_modules/primeng/fesm2022/primeng-tooltip.mjs",
      "file": "primeng_tooltip.js",
      "fileHash": "379adc22",
      "needsInterop": false
    },
    "primeng/tree": {
      "src": "../../../../../../node_modules/primeng/fesm2022/primeng-tree.mjs",
      "file": "primeng_tree.js",
      "fileHash": "5cffaeaa",
      "needsInterop": false
    },
    "primeng/treeselect": {
      "src": "../../../../../../node_modules/primeng/fesm2022/primeng-treeselect.mjs",
      "file": "primeng_treeselect.js",
      "fileHash": "ba9ba621",
      "needsInterop": false
    },
    "primeng/treetable": {
      "src": "../../../../../../node_modules/primeng/fesm2022/primeng-treetable.mjs",
      "file": "primeng_treetable.js",
      "fileHash": "3c1183df",
      "needsInterop": false
    },
    "rxjs": {
      "src": "../../../../../../node_modules/rxjs/dist/esm5/index.js",
      "file": "rxjs.js",
      "fileHash": "f931f266",
      "needsInterop": false
    },
    "uuid": {
      "src": "../../../../../../node_modules/uuid/dist/esm-browser/index.js",
      "file": "uuid.js",
      "fileHash": "666b1f80",
      "needsInterop": false
    },
    "rxjs/operators": {
      "src": "../../../../../../node_modules/rxjs/dist/esm5/operators/index.js",
      "file": "rxjs_operators.js",
      "fileHash": "923c00f0",
      "needsInterop": false
    },
    "jwt-decode": {
      "src": "../../../../../../node_modules/jwt-decode/build/esm/index.js",
      "file": "jwt-decode.js",
      "fileHash": "abf25386",
      "needsInterop": false
    },
    "@angular/animations": {
      "src": "../../../../../../node_modules/@angular/animations/fesm2022/animations.mjs",
      "file": "@angular_animations.js",
      "fileHash": "4884fb4b",
      "needsInterop": false
    }
  },
  "chunks": {
    "browser-ABNZNQBE": {
      "file": "browser-ABNZNQBE.js"
    },
    "chunk-L7LP543K": {
      "file": "chunk-L7LP543K.js"
    },
    "chunk-GCMXIN2Q": {
      "file": "chunk-GCMXIN2Q.js"
    },
    "chunk-U4EW7KGM": {
      "file": "chunk-U4EW7KGM.js"
    },
    "chunk-ERRTIVVK": {
      "file": "chunk-ERRTIVVK.js"
    },
    "chunk-Y2ZTPXJY": {
      "file": "chunk-Y2ZTPXJY.js"
    },
    "chunk-ETRPWORB": {
      "file": "chunk-ETRPWORB.js"
    },
    "chunk-LJZ2JSKZ": {
      "file": "chunk-LJZ2JSKZ.js"
    },
    "chunk-JQ2YKW3G": {
      "file": "chunk-JQ2YKW3G.js"
    },
    "chunk-AQOXSRPE": {
      "file": "chunk-AQOXSRPE.js"
    },
    "chunk-EFY36GC5": {
      "file": "chunk-EFY36GC5.js"
    },
    "chunk-GCWHHMI5": {
      "file": "chunk-GCWHHMI5.js"
    },
    "chunk-OXH2XA5T": {
      "file": "chunk-OXH2XA5T.js"
    },
    "chunk-CPCQEFJD": {
      "file": "chunk-CPCQEFJD.js"
    },
    "chunk-EWQQ76VU": {
      "file": "chunk-EWQQ76VU.js"
    },
    "chunk-PZZSU4WG": {
      "file": "chunk-PZZSU4WG.js"
    },
    "chunk-SPXDGEMQ": {
      "file": "chunk-SPXDGEMQ.js"
    },
    "chunk-LWQD4NYK": {
      "file": "chunk-LWQD4NYK.js"
    },
    "chunk-WVZ6SRAO": {
      "file": "chunk-WVZ6SRAO.js"
    },
    "chunk-YMBAMKLK": {
      "file": "chunk-YMBAMKLK.js"
    },
    "chunk-QFZST6LM": {
      "file": "chunk-QFZST6LM.js"
    },
    "chunk-DE4PCYZA": {
      "file": "chunk-DE4PCYZA.js"
    },
    "chunk-AKDE7NTD": {
      "file": "chunk-AKDE7NTD.js"
    },
    "chunk-RT5T4UBR": {
      "file": "chunk-RT5T4UBR.js"
    },
    "chunk-IXMJWOLJ": {
      "file": "chunk-IXMJWOLJ.js"
    },
    "chunk-WJXMSFVI": {
      "file": "chunk-WJXMSFVI.js"
    },
    "chunk-5G7WYC4N": {
      "file": "chunk-5G7WYC4N.js"
    },
    "chunk-P73PIM3P": {
      "file": "chunk-P73PIM3P.js"
    },
    "chunk-5H5CNZCN": {
      "file": "chunk-5H5CNZCN.js"
    },
    "chunk-IAXCDWVV": {
      "file": "chunk-IAXCDWVV.js"
    },
    "chunk-7W7N6VVX": {
      "file": "chunk-7W7N6VVX.js"
    },
    "chunk-FVGBINOL": {
      "file": "chunk-FVGBINOL.js"
    },
    "chunk-TZJOXRYV": {
      "file": "chunk-TZJOXRYV.js"
    },
    "chunk-ASBIYBWG": {
      "file": "chunk-ASBIYBWG.js"
    },
    "chunk-US7LRVFB": {
      "file": "chunk-US7LRVFB.js"
    },
    "chunk-RYQGQIW4": {
      "file": "chunk-RYQGQIW4.js"
    },
    "chunk-GFVF2TMO": {
      "file": "chunk-GFVF2TMO.js"
    },
    "chunk-PXYLXCRT": {
      "file": "chunk-PXYLXCRT.js"
    },
    "chunk-J2347JD2": {
      "file": "chunk-J2347JD2.js"
    },
    "chunk-GQITGLQ3": {
      "file": "chunk-GQITGLQ3.js"
    },
    "chunk-4MZE5ERV": {
      "file": "chunk-4MZE5ERV.js"
    },
    "chunk-EWYPZBPJ": {
      "file": "chunk-EWYPZBPJ.js"
    },
    "chunk-UMAXZX7C": {
      "file": "chunk-UMAXZX7C.js"
    },
    "chunk-SAS3ZIMR": {
      "file": "chunk-SAS3ZIMR.js"
    },
    "chunk-4N4GOYJH": {
      "file": "chunk-4N4GOYJH.js"
    },
    "chunk-5OPE3T2R": {
      "file": "chunk-5OPE3T2R.js"
    },
    "chunk-FHTVLBLO": {
      "file": "chunk-FHTVLBLO.js"
    },
    "chunk-WDMUDEB6": {
      "file": "chunk-WDMUDEB6.js"
    }
  }
}